{
  "info": {
    "name": "Hostel Management System API",
    "description": "Complete API collection for Hostel Management System",
    "schema": "https://schema.getpostman.com/json/collection/v2.1.0/collection.json"
  },
  "variable": [
    {
      "key": "baseUrl",
      "value": "http://localhost:3000/api",
      "type": "string"
    },
    {
      "key": "studentToken",
      "value": "",
      "type": "string"
    },
    {
      "key": "wardenToken",
      "value": "",
      "type": "string"
    }
  ],
  "item": [
    {
      "name": "Authentication",
      "item": [
        {
          "name": "Login Student",
          "request": {
            "method": "POST",
            "header": [{"key": "Content-Type", "value": "application/json"}],
            "body": {
              "mode": "raw",
              "raw": "{\n  \"email\": \"alice.student@university.edu\",\n  \"password\": \"student123\"\n}"
            },
            "url": {
              "raw": "{{baseUrl}}/auth/login",
              "host": ["{{baseUrl}}"],
              "path": ["auth", "login"]
            }
          },
          "event": [{
            "listen": "test",
            "script": {
              "exec": [
                "if (pm.response.code === 200) {",
                "    const response = pm.response.json();",
                "    if (response.success && response.data.token) {",
                "        pm.collectionVariables.set('studentToken', response.data.token);",
                "    }",
                "}"
              ]
            }
          }]
        },
        {
          "name": "Login Warden",
          "request": {
            "method": "POST",
            "header": [{"key": "Content-Type", "value": "application/json"}],
            "body": {
              "mode": "raw",
              "raw": "{\n  \"email\": \"admin@hostel.com\",\n  \"password\": \"admin123\"\n}"
            },
            "url": {
              "raw": "{{baseUrl}}/auth/login",
              "host": ["{{baseUrl}}"],
              "path": ["auth", "login"]
            }
          },
          "event": [{
            "listen": "test",
            "script": {
              "exec": [
                "if (pm.response.code === 200) {",
                "    const response = pm.response.json();",
                "    if (response.success && response.data.token) {",
                "        pm.collectionVariables.set('wardenToken', response.data.token);",
                "    }",
                "}"
              ]
            }
          }]
        }
      ]
    },
    {
      "name": "Gate Passes",
      "item": [
        {
          "name": "Create Gate Pass",
          "request": {
            "method": "POST",
            "header": [
              {"key": "Content-Type", "value": "application/json"},
              {"key": "Authorization", "value": "Bearer {{studentToken}}"}
            ],
            "body": {
              "mode": "raw",
              "raw": "{\n  \"reason\": \"Going home for weekend\",\n  \"destination\": \"Home\",\n  \"departureTime\": \"2024-01-20T10:00:00Z\",\n  \"expectedReturnTime\": \"2024-01-22T18:00:00Z\",\n  \"emergencyContact\": \"+1234567890\"\n}"
            },
            "url": {
              "raw": "{{baseUrl}}/gatepasses",
              "host": ["{{baseUrl}}"],
              "path": ["gatepasses"]
            }
          }
        },
        {
          "name": "Approve Gate Pass",
          "request": {
            "method": "PUT",
            "header": [
              {"key": "Authorization", "value": "Bearer {{wardenToken}}"}
            ],
            "url": {
              "raw": "{{baseUrl}}/gatepasses/:id/approve",
              "host": ["{{baseUrl}}"],
              "path": ["gatepasses", ":id", "approve"]
            }
          }
        }
      ]
    }
  ]
}
